{
  "forge_marker": 1,
  "defaults": {
    "textures": {
      "top": "ocextras:blocks/boombox_top",
      "front": "ocextras:blocks/general_side",
      "side": "ocextras:blocks/general_side",
      "bottom": "ocextras:blocks/general_bottom"
    },
    "model": "minecraft:orientable"
  },
  "variants": {
    "normal": [{}],
    "inventory": [{
      "transform": "forge:default-block"
    }],
    "facing": {
      "north": {"model": "minecraft:orientable", "y": 180},
      "south": {"model": "minecraft:orientable"},
      "west": {"model": "minecraft:orientable", "y": 90},
      "east": {"model": "minecraft:orientable", "y": 270}
    }
  }
}